Date,Cloud coverage,Visibility,Temperature,Dew point,Relative humidity,Wind speed,Station pressure,Altimeter,Solar energy,(Inverters)
2/1/2016,0.10375,9.44791666666667,3.11375,0.321666666666667,79.4545833333333,4.69458333333333,29.22875,30.0195833333333,20256,
2/2/2016,0.798333333333333,3.94125,6.9925,6.21541666666667,93.5975,13.2908333333333,28.9116666666667,29.6979166666667,1761,
2/3/2016,0.864583333333333,8.69958333333333,1.615,0.022916666666667,85.0016666666667,16.72625,29.0266666666667,29.8145833333333,2775,
2/4/2016,0.372916666666667,10,-2.4725,-5.88625,74.5225,9.45541666666667,29.455,30.2545833333333,28695,
2/5/2016,0.515416666666667,9.20666666666667,-2.00291666666667,-4.15208333333333,82.0275,5.92,29.5508333333333,30.35125,9517,
2/6/2016,0.1325,8.12208333333333,0.907916666666667,-1.6175,81.0291666666667,5.48083333333333,29.4366666666667,30.235,26973,
2/7/2016,0.204583333333333,10,4.23916666666667,0.5375,73.7983333333333,12.7066666666667,29.0941666666667,29.8841666666667,22365,
2/8/2016,0.865,7.83625,-3.33,-5.04958333333333,83.5316666666667,14.4583333333333,28.9575,29.7458333333333,4995,
2/9/2016,0.997083333333333,6.00708333333333,-7.80125,-10.39375,78.3441666666667,17.2695833333333,29.0945833333333,29.8866666666667,6641,
2/10/2016,0.245833333333333,10,-9.71958333333333,-13.9816666666667,67.6954166666667,10.3020833333333,29.2883333333333,30.08,20758,
2/11/2016,0.340416666666667,10,-7.63791666666667,-13.7291666666667,60.3608333333333,3.85125,29.47875,30.2783333333333,30910,
2/12/2016,0.621666666666667,9.21041666666667,-5.78166666666667,-9.995,69.7604166666667,12.4233333333333,29.45625,30.25625,8105,
2/13/2016,0.083333333333333,10,-10.1220833333333,-17.7695833333333,52.3233333333333,7.43791666666667,29.7333333333333,30.535,30358,
2/14/2016,1,6.37,-7.29375,-9.98666666666667,78.47,13.7916666666667,29.38125,30.1766666666667,5814,
2/15/2016,0.942916666666667,3.85708333333333,-2.41916666666667,-2.68,94.0166666666667,6.43166666666667,29.0879166666667,29.8791666666667,7570,
2/16/2016,0.769583333333333,6.985,-1.29166666666667,-2.92416666666667,87.57,4.92583333333333,29.0783333333333,29.8695833333333,27097,
2/17/2016,0.820833333333333,8.09625,0.098333333333333,-2.43333333333333,82.5229166666667,5.59875,29.44,30.2383333333333,7571,
2/18/2016,0.414583333333333,7.96,3.43791666666667,0.32375,78.58375,15.0770833333333,29.4141666666667,30.2108333333333,19145,
2/19/2016,0.03625,10,10.03375,4.24083333333333,65.96875,17.9683333333333,29.0345833333333,29.82375,20459,
2/20/2016,0.043333333333333,10,10.5429166666667,2.91916666666667,56.8620833333333,10.75,29.1508333333333,29.9408333333333,30380,
2/21/2016,0.59625,10,4.855,1.63958333333333,78.6125,10.2683333333333,29.2870833333333,30.0804166666667,27170,
2/22/2016,0.297083333333333,10,3.015,-0.822083333333333,74.5333333333333,7.41625,29.3375,30.13125,26656,
2/23/2016,0.069583333333333,10,3.8475,-1.32,69.8129166666667,13.3933333333333,29.1908333333333,29.9825,26058,
2/24/2016,1,4.44041666666667,0.979583333333333,-0.485833333333333,86.895,24.8245833333333,28.77875,29.5633333333333,1468,
2/25/2016,0.877916666666667,9.70375,1.28833333333333,-1.70625,77.6558333333333,13.3558333333333,29.2029166666667,29.995,14633,
2/26/2016,0.556666666666667,10,-0.714166666666667,-3.63833333333333,76.7570833333333,8.21625,29.2229166666667,30.23625,16864,
2/27/2016,0,9.48333333333333,4.24583333333333,0.700416666666667,75.45125,10.82,29.2129166666667,30.0033333333333,32570,
2/28/2016,0.275,9.99083333333333,10.5933333333333,5.46708333333333,63.2245833333333,21.0129166666667,26.9308333333333,29.6854166666667,25887,
2/29/2016,0.192916666666667,10,6.67458333333333,1.48916666666667,52.6491666666667,12.1429166666667,21.4220833333333,29.9454166666667,31868,
3/1/2016,0.802916666666667,9.37833333333333,1.1875,-1.6575,80.8808333333333,14.02875,29.0679166666667,29.8583333333333,4046,
3/2/2016,0.48625,9.52666666666667,-1.42666666666667,-7.63583333333333,62.8983333333333,7.6875,29.3458333333333,30.1441666666667,30943,
3/3/2016,0.989583333333333,5.35958333333333,1.38041666666667,0.079583333333333,92.8516666666667,9.16708333333333,29.2220833333333,30.01375,2916,
3/4/2016,0.409166666666667,9.96541666666667,1.04541666666667,-2.62625,76.5591666666667,5.95541666666667,29.3595833333333,30.15625,30271,
3/5/2016,1,7.41541666666667,3.88083333333333,1.29541666666667,80.8604166666667,9.46291666666667,29.3404166666667,30.1354166666667,9662,
3/6/2016,0.297916666666667,9.0775,6.54666666666667,2.27375,72.015,12.9783333333333,29.3383333333333,30.1341666666667,28622,
3/7/2016,0.745833333333333,9.80666666666667,11.5458333333333,7.675,76.4916666666667,11.5675,29.1391666666667,29.9291666666667,8605,
3/8/2016,0.470833333333333,10,16.12625,11.7491666666667,73.0545833333334,13.5320833333333,29.1479166666667,29.9379166666667,23194,
3/9/2016,0.923333333333333,8.31875,16.2258333333333,13.8241666666667,83.36125,10.22375,29.1454166666667,29.9366666666667,7561,
3/10/2016,0.432916666666667,9.31791666666667,9.06958333333333,7.33541666666667,67.11875,8.47791666666667,22.7333333333333,30.0891666666667,6044,
3/11/2016,0,8.94291666666667,8.015,5.15666666666667,80.6566666666667,7.0875,29.49625,30.2970833333333,26187,
3/12/2016,0.72,5.93875,11.0020833333333,8.92458333333333,87.3004166666666,6.985,29.275,30.0679166666667,8354,
3/13/2016,0.999583333333333,5.835,14.0375,13.65625,96.3395833333333,7.18583333333333,28.9491666666667,29.7375,6894,
3/14/2016,0.970416666666667,5.395,12.4116666666667,12.25,94.4075,3.86541666666667,28.9304166666667,29.7183333333333,7270,
3/15/2016,0.5575,7.16375,15.6929166666667,12.9033333333333,82.21,13.9333333333333,28.8333333333333,29.6195833333333,29735,
3/16/2016,0.34625,9.90333333333333,11.3429166666667,3.075,58.6829166666667,19.3825,28.9895833333333,29.7775,33236,
3/17/2016,0.292916666666667,10,9.18291666666667,-0.504166666666667,51.5575,10.8325,29.14,29.93,32029,
3/18/2016,0.44125,10,6.32958333333333,-1.25291666666667,57.39125,7.77041666666666,29.28375,30.0758333333333,26080,
3/19/2016,0.884166666666667,9.99375,5.11833333333333,0.287083333333333,69.6408333333333,7.42333333333333,29.335,30.12875,13522,
3/20/2016,0.713333333333333,10,4.1375,-2.25291666666667,62.6604166666667,10.4120833333333,29.3645833333333,30.1595833333333,22677,
3/21/2016,0.074166666666667,9.96,5.16875,-1.975,60.8395833333333,9.21583333333333,29.3379166666667,30.1329166666667,34654,
3/22/2016,0,9.92,12.4279166666667,3.265,53.0575,16.9354166666667,29.01375,29.8020833333333,29736,
3/23/2016,0.56875,10,15.6583333333333,10.13125,68.05125,16.4541666666667,28.9620833333333,29.7520833333333,18714,
3/24/2016,0.94125,8.84208333333333,9.76083333333333,7.61333333333333,84.41125,16.8279166666667,28.8579166666667,29.6420833333333,9741,
3/25/2016,0.62625,10,3.06625,-0.309166666666667,75.9754166666667,6.35291666666667,29.2716666666667,30.0633333333333,27801,
3/26/2016,0.035,9.33333333333333,8.015,2.83375,69.63125,8.2225,29.3091666666667,30.10375,36515,
3/27/2016,0.445833333333333,9.24541666666667,9.49333333333333,4.84958333333333,73.0508333333333,11.6375,29.14375,29.9341666666667,19152,
3/28/2016,0.591666666666667,10,7.32583333333333,3.34083333333333,74.7183333333333,9.01083333333333,29.3141666666667,30.1166666666667,26108,
3/29/2016,0,9.57166666666667,8.12083333333334,1.10791666666667,62.7641666666667,6.75125,29.44125,30.2404166666667,37038,
3/30/2016,0.66,8.99541666666667,11.0541666666667,7.76875,73.7179166666667,14.45875,27.17125,29.8258333333333,6266,
3/31/2016,0.502916666666667,9.75125,14.6391666666667,12.2029166666667,55.9508333333333,17.1054166666667,18.7770833333333,29.5008333333333,18860,
4/1/2016,0.772916666666667,9.85333333333333,7.09291666666667,4.11791666666667,79.5470833333333,11.5154166666667,28.9983333333333,29.7870833333333,19151,
4/2/2016,0.352083333333333,10,3.55458333333333,-3.31666666666667,61.20375,20.0829166666667,29.0620833333333,29.85125,31243,
4/3/2016,0.104166666666667,10,9.84625,1.47458333333333,56.58125,16.9133333333333,29.1029166666667,29.8925,37546,
4/4/2016,0.733333333333333,9.99666666666667,4.80708333333333,-0.332916666666667,70.1545833333333,13.7879166666667,29.3408333333333,30.1379166666667,22913,
4/5/2016,0.130833333333333,10,4.52916666666667,-3.09833333333333,57.5766666666667,11.8570833333333,29.4833333333333,30.2808333333333,36095,
4/6/2016,0.800416666666667,8.40625,8.93375,5.40375,78.5004166666667,15.1808333333333,28.8745833333333,29.6591666666667,3409,
4/7/2016,0.85375,9.93625,4.8225,1,75.4616666666667,14.1025,28.9691666666667,29.7554166666667,19602,
4/8/2016,0.817916666666667,9.57291666666667,3.61583333333333,0.260416666666667,78.2708333333333,16.0929166666667,29.1070833333333,29.8983333333333,13310,
4/9/2016,0.198333333333333,10,0.970833333333333,-6.31291666666667,58.6758333333333,9.5475,29.3966666666667,30.1941666666667,39413,
4/10/2016,0.899166666666667,7.7025,7.60958333333333,4.89958333333333,82.49875,13.58375,29.0866666666667,29.8766666666667,3764,
4/11/2016,0.364166666666667,7.95166666666667,8.01,3.44708333333333,70.64,11.2958333333333,28.6145833333333,29.9816666666667,21961,
4/12/2016,0,9.96,5.66,-2.00041666666667,57.98,6.92333333333333,28.6379166666667,30.3133333333333,38978,
4/13/2016,0,10,8.90833333333333,0.625416666666667,58.23375,7.89416666666667,29.45625,30.25625,31883,
4/14/2016,0,10,12.195,1.76833333333333,52.895,10.4116666666667,29.3925,30.19,26024,
4/15/2016,0,10,16.0029166666667,4.58875,48.43125,9.17708333333333,29.3704166666667,30.1683333333333,31522,
4/16/2016,0.126666666666667,9.98833333333333,18.5741666666667,7.20625,48.5725,5.84583333333333,29.4541666666667,30.2545833333333,32742,
4/17/2016,0,9.99833333333333,19.3104166666667,5.55958333333333,43.1458333333333,4.74333333333333,29.53625,30.33625,37976,
4/18/2016,0.011666666666667,9.79833333333333,19.8058333333333,6.43291666666667,43.015,4.07,29.4608333333333,30.2608333333333,34518,
4/19/2016,0,9.99833333333333,19.4479166666667,7.8225,47.8383333333333,5.71666666666667,29.3479166666667,30.1416666666667,19283,
4/20/2016,0.7625,9.3075,16.195,11.6379166666667,74.0508333333333,9.89583333333333,29.2258333333333,30.01625,14632,
4/21/2016,0.712916666666667,7.74041666666667,15.84125,13.6825,84.7341666666667,5.13708333333333,29.055,29.845,18199,
4/22/2016,0.454583333333333,8.69125,12.6791666666667,9.57166666666667,81.2516666666667,9.89625,29.2116666666667,30.0066666666667,34696,
4/23/2016,0.180416666666667,9.89958333333333,12.14375,6.82,68.22625,5.91083333333334,29.3170833333333,30.1104166666667,30854,
4/24/2016,0.224166666666667,7.4975,17.1666666666667,10.3645833333333,65.1891666666667,10.0679166666667,29.15125,29.9425,35230,
4/25/2016,0.432916666666667,10,22.02875,13.3058333333333,56.6745833333333,13.7045833333333,28.9675,29.75625,28496,
4/26/2016,0.39625,9.2375,18.0154166666667,12.9970833333333,72.13125,10.8295833333333,28.9941666666667,29.785,11678,
4/27/2016,0.965833333333333,5.27625,13.7404166666667,11.6104166666667,87.5233333333333,14.7225,28.9841666666667,29.7758333333333,6866,
4/28/2016,0.799583333333333,7.48333333333333,14.7366666666667,12.2783333333333,85.99375,5.98666666666667,29.0695833333333,29.8604166666667,14840,
4/29/2016,0.564583333333333,6.39833333333333,11.4608333333333,8.90208333333333,79.145,6.66291666666667,27.32375,30.0558333333333,17818,
4/30/2016,0.86125,3.05833333333333,12.8575,12.2154166666667,88.2770833333334,10.17375,26.9054166666667,29.8825,3219,
5/1/2016,0.971666666666667,4.3475,13.40625,12.3058333333333,93.85625,7.49125,29.1308333333333,29.9233333333333,15317,
5/2/2016,0.832083333333333,8.46583333333333,10.6420833333333,8.38291666666666,83.44875,8.41916666666667,29.2145833333333,30.005,12265,
5/3/2016,0.625,9.98833333333333,13.1841666666667,6.6475,63.5129166666667,8.765,29.11875,29.90875,27296,
5/4/2016,0.862916666666667,9.9025,11.3779166666667,6.78,72.0720833333333,12.7758333333333,28.9829166666667,29.7725,22774,
5/5/2016,0.33625,10,11.8466666666667,5.68875,64.7825,10.4695833333333,29.1566666666667,29.9466666666667,22714,
5/6/2016,0.125833333333333,9.99333333333333,17.0733333333333,6.80166666666667,51.5191666666667,8.27166666666667,29.1475,29.9375,32611,
5/7/2016,0.41,9.99708333333333,17.8891666666667,8.8,56.4791666666667,11.13125,29.0329166666667,29.8229166666667,19299,
5/8/2016,0.718333333333333,9.46958333333333,13.5620833333333,9.27583333333333,75.4916666666667,5.85583333333333,29.15125,29.9433333333333,13263,
5/9/2016,0.994166666666667,7.43125,15.7520833333333,14.36,91.2091666666667,11.9158333333333,29.10375,29.89625,9646,
5/10/2016,0.799583333333333,9.08375,18.4295833333333,16.8275,87.4375,9.72125,29.09,29.88125,15132,
5/11/2016,0.714166666666667,6.45041666666667,18.58375,16.8575,88.1625,7.46458333333333,29.2016666666667,29.9925,22130,
5/12/2016,0.465416666666667,9.3175,16.9841666666667,14.02375,79.39375,11.2754166666667,29.1954166666667,29.98625,11035,
5/13/2016,0.31625,9.63333333333333,14.82375,9.57041666666666,71.0895833333333,11.1829166666667,29.19875,29.99,32097,
5/14/2016,0.808333333333333,10,7.84625,2.86125,68.82625,15.8333333333333,29.24875,30.03875,22309,
5/15/2016,0.174166666666667,10,9.55541666666667,0.88375,56.29625,9.19541666666667,29.3516666666667,30.1483333333333,38508,
5/16/2016,0.436666666666667,9.95666666666667,12.6529166666667,4.45125,56.5679166666667,7.59791666666667,29.38125,30.1791666666667,25818,
5/17/2016,0.939583333333333,9.99333333333333,12.0608333333333,8.45166666666666,75.5120833333333,6.81541666666667,29.3933333333333,30.1925,12923,
5/18/2016,0.385833333333333,10,13.68125,5.55958333333333,57.0954166666667,6.56041666666667,29.3925,30.19125,28780,
5/19/2016,0.074583333333333,10,16.38625,5.07375,48.75125,5.41333333333333,29.3675,30.1633333333333,37157,
5/20/2016,0.540416666666667,9.95625,15.87,7.05208333333333,53.57375,8.71166666666666,29.2958333333333,30.0883333333333,12332,
5/21/2016,0.2775,10,18.1408333333333,5.59541666666667,44.6991666666667,8.58458333333333,29.2916666666667,30.0825,34548,
5/22/2016,0.036666666666667,10,20.3025,6.03916666666667,41.7879166666667,7.87583333333333,29.2545833333333,30.045,34855,
5/23/2016,0,10,20.7791666666667,6.85083333333333,41.7645833333333,6.28458333333333,29.20125,29.9916666666667,35004,
5/24/2016,0.166666666666667,10,22.7066666666667,11.85625,49.4295833333333,10.0783333333333,29.2154166666667,30.00625,33236,
5/25/2016,0.15,9.99208333333333,23.5879166666667,16.6808333333333,65.7625,10.9883333333333,28.9820833333333,29.9895833333333,28642,
5/26/2016,0.4375,9.1075,21.9979166666667,19.4358333333333,82.73375,9.4425,29.15125,29.9420833333333,19633,
5/27/2016,0.524166666666667,9.6625,21.9154166666667,19.2083333333333,81.61375,12.1416666666667,29.12125,29.9116666666667,20148,
5/28/2016,0.346666666666667,10,23.185,19.2904166666667,76.4975,14.1670833333333,29.16625,29.9566666666667,22141,
5/29/2016,0.215,9.95166666666667,23.45125,15.9658333333333,63.4970833333333,8.44541666666666,29.2545833333333,30.0445833333333,31871,
5/30/2016,0.129166666666667,9.94208333333333,23.42,13.9975,55.22375,4.21083333333333,27.0991666666667,30.0179166666667,28506,
5/31/2016,0.255833333333333,9.87208333333333,22.6295833333333,16.4933333333333,49.2916666666667,6.22583333333333,22.3654166666667,29.9645833333333,20576,
6/1/2016,0.6325,9.66833333333333,22.2654166666667,19.4275,80.97375,3.32083333333333,29.17,29.9604166666667,18553,
6/2/2016,0.003333333333333,10,22.4604166666667,12.5133333333333,53.1583333333333,5.88375,29.2495833333333,30.0395833333333,32663,
6/3/2016,0.140833333333333,10,22.53375,11.6291666666667,48.4354166666667,3.00791666666667,29.25,30.04,28284,
6/4/2016,0.6725,8.75083333333333,19.7220833333333,18.1266666666667,87.5504166666667,6.40916666666666,29.0508333333333,29.8416666666667,8273,
6/5/2016,0.3525,10,20.7895833333333,15.2075,68.9829166666667,11.6120833333333,28.9595833333333,29.7495833333333,28213,
6/6/2016,0.219583333333333,10,22.8191666666667,10.6204166666667,47.8879166666667,12.80625,28.9408333333333,29.72875,37255,
6/7/2016,0.2325,10,18.6983333333333,9.2525,53.1325,10.72375,29.0708333333333,29.8608333333333,35506,
6/8/2016,0,9.99833333333333,18.8179166666667,8.64708333333334,53.3883333333333,3.62791666666667,29.2129166666667,30.0029166666667,37020,
6/9/2016,0.248333333333333,10,23.32125,13.7270833333333,53.585,7.75208333333333,29.2108333333333,30.0008333333333,29142,
6/10/2016,0.14,10,27.4908333333333,18.8825,58.0029166666667,9.5125,29.2079166666667,30,34062,
6/11/2016,0.210416666666667,10,27.6775,19.4095833333333,59.39875,9.76041666666667,29.2220833333333,30.0125,32494,
6/12/2016,0.162916666666667,10,25.42,13.30875,48.3058333333333,8.61708333333333,29.2783333333333,30.0708333333333,32316,
6/13/2016,0.13625,10,25.0325,14.0254166666667,49.82875,4.35458333333334,28.7554166666667,29.9704166666667,33323,
6/14/2016,0.37875,9.27833333333333,24.9441666666667,21.8975,82.7529166666667,8.19583333333333,28.8541666666667,29.8491666666667,27921,
6/15/2016,0.276666666666667,8.83291666666667,26.8183333333333,22.6725,78.9745833333333,7.96666666666667,29.0020833333333,29.7933333333333,32508,
6/16/2016,0.357916666666667,9.98833333333333,24.1795833333333,19.1145833333333,72.3975,10.575,29.07125,29.8625,37113,
6/17/2016,0.064166666666667,9.57833333333333,23.0845833333333,14.6633333333333,58.3079166666667,9.55541666666667,29.23875,30.0316666666667,36626,
6/18/2016,0.1075,10,23.95125,13.9095833333333,50.9216666666667,6.30333333333333,28.81,30.1875,36122,
6/19/2016,0.25625,9.89791666666667,25.8645833333333,20.08375,67.8108333333333,5.28291666666667,29.4058333333333,30.2066666666667,31689,
6/20/2016,0.379166666666667,9.775,27.2225,21.4683333333333,68.9920833333333,11.21375,28.8891666666667,30.1070833333333,32434,
6/21/2016,0.08,9.98333333333333,23.5920833333333,16.82875,63.5683333333333,7.89375,29.2183333333333,30.0083333333333,37319,
6/22/2016,0.6125,9.0525,23.905,21.4366666666667,85.0866666666667,10.1908333333333,29.1066666666667,29.8970833333333,16855,
6/23/2016,0.20875,10,26.1645833333333,20.9929166666667,71.535,9.11333333333334,29.08875,29.8791666666667,34494,
6/24/2016,0.235833333333333,9.42333333333333,23.1395833333333,18.6858333333333,73.3825,3.95041666666667,28.97125,30.05,28709,
6/25/2016,0.1175,9.89,26.2333333333333,21.72875,74.7733333333334,6.10291666666667,29.2766666666667,30.0679166666667,35055,
6/26/2016,0.268333333333333,9.75625,25.67375,23.1579166666667,83.8295833333333,4.69041666666667,29.2441666666667,30.03625,23801,
6/27/2016,0.014166666666667,9.7725,24.9683333333333,17.9379166666667,64.1320833333333,7.94208333333333,29.2820833333333,30.0758333333333,35454,
6/28/2016,0.302083333333333,10,20.4104166666667,14.9104166666667,68.9445833333333,7.8,29.3245833333333,30.1216666666667,29679,
6/29/2016,0,10,18.29875,11.0033333333333,60.4716666666667,4.15,27.305,30.1179166666667,38446,
6/30/2016,0.110416666666667,10,20.8595833333333,15.3125,51.6254166666667,4.99125,21.4758333333333,30.0008333333333,30098,
7/1/2016,0.43375,9.71625,20.8654166666667,15.3620833333333,70.1929166666667,8.26791666666666,29.2679166666667,30.0604166666667,34032,
7/2/2016,0.246666666666667,9.99833333333333,16.3341666666667,12.9454166666667,77.005,2.96083333333333,29.3525,30.1491666666667,12168,
7/3/2016,0.975833333333333,6.79125,17.26375,16.6791666666667,94.6008333333333,7.21125,29.2329166666667,30.0245833333333,5395,
7/4/2016,0.937083333333333,5.90083333333333,21.01375,19.93,91.7054166666667,2.95166666666667,29.095,29.8870833333333,12426,
7/5/2016,0.667083333333333,8.10708333333333,24.41,21.0191666666667,80.3791666666667,4.66125,28.7616666666667,29.9183333333333,29445,
7/6/2016,0.228333333333333,8.71,23.16,20.7758333333333,84.9420833333333,6.59041666666667,29.08875,29.8804166666667,19052,
7/7/2016,0.407916666666667,7.99416666666667,23.29125,21.42625,86.7479166666667,7.39333333333333,29.0529166666667,29.845,24834,
7/8/2016,0.152083333333333,9.87666666666667,24.0666666666667,20.1716666666667,77.6470833333333,7.30458333333333,29.09875,29.89125,33872,
7/9/2016,0.17625,10,21.7925,17.3895833333333,73.9275,6.1225,29.2479166666667,30.0383333333333,34424,
7/10/2016,0.000833333333333,9.99166666666667,21.98125,16.4754166666667,70.3325,3.79541666666667,29.255,30.0479166666667,36918,
7/11/2016,0.163333333333333,9.8575,24.8116666666667,20.48,77.18125,8.5025,29.1875,29.9825,32295,
7/12/2016,0.283333333333333,8.30833333333333,25.0970833333333,21.7483333333333,82.0295833333333,7.62625,29.12,29.9141666666667,27092,
7/13/2016,0.484166666666667,7.87916666666667,23.5454166666667,21.3283333333333,88.4079166666667,7.82958333333333,29.13,29.9229166666667,19714,
7/14/2016,0.113333333333333,10,23.7708333333333,19.53875,77.35,7.53916666666667,29.1475,29.9395833333333,32485,
7/15/2016,0.123333333333333,9.99333333333333,22.195,18.4604166666667,76.9245833333333,7.56583333333333,29.2391666666667,30.0291666666667,36645,
7/16/2016,0.109166666666667,9.995,21.1766666666667,16.3145833333333,72.0629166666667,4.06916666666667,29.3279166666667,30.1216666666667,35804,
7/17/2016,0.13375,9.70041666666667,23.5983333333333,21.5854166666667,86.8120833333333,8.75916666666667,29.2804166666667,30.0741666666667,22581,
7/18/2016,0.31375,9.34583333333333,24.7258333333333,21.6091666666667,83.0154166666667,4.96541666666667,29.3583333333333,30.1579166666667,21662,
7/19/2016,0.555416666666667,7.24666666666667,25.22,22.2429166666667,81.7666666666667,2.86666666666667,29.4083333333333,30.2154166666667,24809,
7/20/2016,0.202916666666667,9.45416666666667,25.3020833333333,21.9258333333333,80.3425,3.54583333333333,29.3795833333333,30.1808333333333,31376,
7/21/2016,0.178333333333333,7.87458333333333,27.3504166666667,25.0195833333333,85.4120833333333,6.99958333333333,29.2841666666667,30.0879166666667,25157,
7/22/2016,0.084166666666667,9.71458333333333,24.9595833333333,21.7954166666667,80.96375,6.06083333333333,29.2204166666667,30.0383333333333,28907,
7/23/2016,0.090416666666667,8.57833333333333,26.4941666666667,23.8620833333333,82.9341666666667,3.53833333333333,29.17875,29.9929166666667,28845,
7/24/2016,0.182083333333333,6.63375,26.8541666666667,24.30625,85.3366666666667,8.07458333333333,29.1566666666667,29.9691666666667,29696,
7/25/2016,0.247916666666667,9.52708333333333,24.2604166666667,21.90375,83.17875,4.9225,29.2004166666667,30.0116666666667,20909,
7/26/2016,0.362083333333333,10,24.07125,20.15375,75.2658333333333,5.05666666666667,29.2258333333333,30.0395833333333,26875,
7/27/2016,0.0575,9.57583333333333,23.8366666666667,20.5070833333333,79.0608333333333,3.85958333333333,29.175,29.99125,31097,
7/28/2016,0.336666666666667,8.7,23.38625,21.30875,84.9175,3.78125,29.09125,29.9041666666667,22214,
7/29/2016,0.4375,7.53166666666667,22.5420833333333,20.4804166666667,84.5329166666667,4.96833333333333,29.11,29.9229166666667,27284,
7/30/2016,0.340416666666667,8.85416666666667,21.575,19.4195833333333,85.0291666666667,5.43,29.1495833333333,29.9658333333333,29089,
7/31/2016,0.15125,8.59541666666667,22.5625,19.6433333333333,72.0329166666667,4.44833333333333,26.7216666666667,30.03375,24400,
8/1/2016,0.130833333333333,8.29,23.32625,20.4704166666667,81.6433333333333,5.53041666666667,29.2395833333333,30.0575,26117,
8/2/2016,0.217916666666667,9.35625,23.7970833333333,21.125,80.2966666666667,2.82708333333333,29.2633333333333,30.07375,24646,
8/3/2016,0.121666666666667,8.83541666666667,25.0316666666667,21.9133333333333,78.1295833333333,4.38125,29.2366666666667,30.0370833333333,29016,
8/4/2016,0.087083333333333,9.27875,25.3408333333333,22.045,76.9570833333333,2.73166666666667,29.1675,29.965,26909,
8/5/2016,0.323333333333333,9.47916666666667,24.3816666666667,22.1208333333333,83.6583333333333,5.32875,29.1275,29.9241666666667,23463,
8/6/2016,0.176666666666667,10,22.34375,18.1429166666667,70.9070833333333,6.53416666666667,29.1879166666667,29.985,29127,
8/7/2016,0.157083333333333,10,21.6758333333333,16.35,67.0545833333334,6.52041666666667,29.2270833333333,30.0258333333333,30312,
8/8/2016,0.153333333333333,10,23.1383333333333,19.44625,75.02875,4.25625,29.2108333333333,30.00375,27994,
8/9/2016,0.328333333333333,10,24.2304166666667,19.46125,71.6308333333333,2.19208333333333,29.2120833333333,30.01125,28753,
8/10/2016,0.132083333333333,9.1125,25.5504166666667,21.77625,75.1966666666667,3.00916666666667,29.2654166666667,30.0658333333333,30561,
8/11/2016,0.219583333333333,7.65458333333333,27.0575,24.4741666666667,83.2125,6.75458333333333,29.1858333333333,29.9820833333333,29647,
8/12/2016,0.365416666666667,8.63583333333333,26.4425,24.65875,87.5770833333333,7.395,29.0625,29.855,21130,
8/13/2016,0.7625,8.61208333333333,23.6616666666667,22.5354166666667,89.1770833333333,7.04541666666667,29.0958333333333,29.8870833333333,17072,
8/14/2016,0.21875,9.6875,21.735,20.8920833333333,89.1566666666666,2.88875,29.2691666666667,30.0604166666667,13002,
8/15/2016,0.99,6.24,22.4025,22.25375,96.56,8.2725,29.2116666666667,30.00375,4072,
8/16/2016,0.609583333333333,8.14791666666667,23.9241666666667,22.3504166666667,89.1095833333333,5.29166666666667,29.2816666666667,30.0745833333333,22241,
8/17/2016,0.62,5.64041666666667,23.9220833333333,22.6045833333333,89.2025,4.00333333333333,29.3141666666667,30.1083333333333,25074,
8/18/2016,0.331666666666667,7.87958333333333,24.2854166666667,21.8595833333333,85.5595833333334,5.53416666666667,29.2595833333333,30.05,27377,
8/19/2016,0.409583333333333,7.34916666666667,23.9008333333333,22.3191666666667,87.96625,5.72333333333333,29.1408333333333,29.9320833333333,21707,
8/20/2016,0.515,8.57458333333333,22.7120833333333,21.0466666666667,88.3125,9.24958333333333,28.9554166666667,29.7433333333333,20057,
8/21/2016,0.169166666666667,9.985,18.6945833333333,15.6,79.44,7.07166666666667,29.1975,29.9879166666667,34230,
8/22/2016,0.1425,9.995,19.1879166666667,15.51875,76.36,2.32125,29.3833333333333,30.18125,34762,
8/23/2016,0.339166666666667,9.99666666666667,21.1225,17.7745833333333,79.6325,5.90208333333333,29.3891666666667,30.1866666666667,29378,
8/24/2016,0.495,8.88666666666667,24.9933333333333,22.8545833333333,87.7941666666666,8.12333333333333,29.2341666666667,30.025,18564,
8/25/2016,0.335833333333333,9.68166666666667,24.6904166666667,22.4408333333333,85.4404166666667,6.03541666666667,29.2683333333333,30.0591666666667,30676,
8/26/2016,0.47375,8.62416666666667,23.8595833333333,22.1675,87.6991666666667,4.17458333333333,29.3170833333333,30.11125,23835,
8/27/2016,0.516666666666667,9.94791666666667,24.9533333333333,22.9283333333333,85.5104166666667,4.37708333333333,29.2879166666667,30.0779166666667,26148,
8/28/2016,0.230833333333333,9.66666666666667,25.3491666666667,22.97875,84.5525,2.93291666666667,29.3725,30.1716666666667,26149,
8/29/2016,0.0275,9.46,25.5091666666667,22.7583333333333,81.85,2.56333333333333,29.3925,30.1904166666667,30348,
8/30/2016,0.085833333333333,8.05375,24.03625,22.7375,82.1708333333333,3.80125,27.3029166666667,30.1141666666667,22026,
8/31/2016,0.183333333333333,8.7225,22.63375,19.6641666666667,60.75625,7.16,21.48,30.0483333333333,20706,
9/1/2016,0.177916666666667,10,19.2529166666667,14.45375,71.81625,10.7229166666667,29.3479166666667,30.1433333333333,31504,
9/2/2016,0.089166666666667,10,18.70375,14.205,72.3066666666667,8.0525,29.1083333333333,30.1975,32931,
9/3/2016,0.126666666666667,10,19.3725,14.8125,73.31875,5.83458333333333,29.3754166666667,30.1725,30192,
9/4/2016,0.014166666666667,9.99666666666667,20.9933333333333,15.9425,74.46625,5.32875,29.3604166666667,30.1570833333333,29865,
9/5/2016,0.356666666666667,9.99166666666667,25.0670833333333,21.4770833333333,80.3570833333333,6.40708333333334,29.32125,30.1145833333333,27026,
9/6/2016,0.17875,9.34708333333333,26.8129166666667,23.4358333333333,79.6366666666667,7.79,29.30625,30.0983333333333,26341,
9/7/2016,0.270416666666667,9.98,27.21375,23.63,78.0795833333333,8.51916666666667,29.2375,30.0275,25049,
9/8/2016,0.562916666666667,7.535,23.4920833333333,22.9104166666667,94.3745833333333,5.45583333333333,29.14,29.9320833333333,8637,
9/9/2016,0.934166666666667,4.91291666666667,21.7616666666667,21.24875,95.1841666666667,4.04041666666667,29.1358333333333,29.9279166666667,8348,
9/10/2016,0.516666666666667,7.82166666666667,19.7891666666667,16.7091666666667,80.6866666666667,8.41333333333333,29.1820833333333,29.9754166666667,23804,
9/11/2016,0.025,9.99666666666667,17.6908333333333,12.19875,70.2808333333333,2.25625,29.3829166666667,30.1804166666667,33934,
9/12/2016,0,10,19.0245833333333,13.8820833333333,72.43125,4.29208333333333,29.31375,30.1070833333333,33640,
9/13/2016,0.210416666666667,10,22.1741666666667,17.81875,75.9675,3.7975,29.3020833333333,30.0941666666667,26532,
9/14/2016,0.519166666666667,8.67375,21.8995833333333,19.0733333333333,82.5408333333333,6.82875,29.3891666666667,30.1895833333333,21074,
9/15/2016,0.394166666666667,8.26666666666667,22.2325,18.56625,79.9558333333333,5.66083333333334,29.3566666666667,30.1525,22952,
9/16/2016,0.485,9.01583333333333,21.92625,20.6054166666667,89.8066666666667,6.83333333333333,29.22125,30.0116666666667,11245,
9/17/2016,0.500833333333333,8.52541666666667,22.1366666666667,18.49625,78.92125,5.4025,29.1733333333333,29.9641666666667,26135,
9/18/2016,0.1175,9.71833333333333,21.2258333333333,14.61875,67.3241666666667,2.79541666666667,29.1983333333333,29.9883333333333,30307,
9/19/2016,0,10,21.4458333333333,14.1645833333333,65.3070833333333,4.00083333333333,29.2679166666667,30.05875,33103,
9/20/2016,0.146666666666667,9.995,23.9195833333333,18.6391666666667,71.69125,2.3825,29.3320833333333,30.1275,27701,
9/21/2016,0.070833333333333,8.99166666666667,23.4179166666667,17.6633333333333,70.6720833333333,3.11208333333333,29.3470833333333,30.1425,28154,
9/22/2016,0,9.98833333333333,23.5804166666667,16.2229166666667,64.7570833333333,3.525,29.2620833333333,30.05375,27424,
9/23/2016,0.00875,8.89291666666667,24.34625,18.86,72.0358333333333,4.27458333333333,29.2741666666667,30.0645833333333,28642,
9/24/2016,0.495833333333333,4.5925,23.9708333333333,19.96375,77.525,6.42583333333333,29.3175,30.1120833333333,26180,
9/25/2016,0.360833333333333,7.84625,23.8058333333333,19.08375,75.6808333333333,6.79166666666667,29.2416666666667,30.0329166666667,21348,
9/26/2016,0.145416666666667,9.93041666666667,16.705,7.06958333333333,57.1033333333333,9.86375,29.2508333333333,30.0408333333333,31228,
9/27/2016,0.019583333333333,9.96,16.6904166666667,5.26833333333333,49.15375,8.93083333333333,29.07375,29.86375,33487,
9/28/2016,0.852083333333333,10,13.8483333333333,9.975,75.9466666666667,9.77375,29.1229166666667,29.9129166666667,17006,
9/29/2016,0.71875,9.80333333333333,16.5054166666667,14.1816666666667,79.5520833333333,10.6845833333333,27.5783333333333,30.1054166666667,17982,
9/30/2016,0.669166666666666,8.58208333333334,16.9195833333333,16.02,67.9016666666667,10.2025,22.1895833333333,30.0470833333333,7162,
10/1/2016,0.875416666666667,7.56416666666667,16.6033333333333,14.9841666666667,89.5183333333333,4.065,29.2116666666667,30.0020833333333,16084,
10/2/2016,0.780833333333333,8.5625,16.515,13.62625,81.2720833333333,3.64833333333333,29.2791666666667,30.07,15527,
10/3/2016,0.7775,9.04,17.125,13.18125,78.5079166666667,2.2275,29.28625,30.0775,16590,
10/4/2016,0.343333333333333,9.96,19.6108333333333,14.19875,71.01625,7.28291666666667,29.2245833333333,30.0145833333333,31462,
10/5/2016,0.350416666666667,9.99083333333333,21.4258333333333,16.5179166666667,72.37125,8.47041666666667,29.2083333333333,29.9983333333333,22642,
10/6/2016,0.363333333333333,9.31,22.3391666666667,17.43125,73.5816666666667,4.795,29.2758333333333,30.0670833333333,17674,
10/7/2016,0.12875,9.795,15.76625,11.1854166666667,70.8795833333333,9.41291666666667,29.3320833333333,30.1266666666667,22751,
10/8/2016,0,9.99833333333333,12.06625,4.89375,59.2125,4.84208333333333,29.4770833333333,30.2770833333333,32386,
10/9/2016,0.011666666666667,9.99666666666667,14.8308333333333,7.38708333333333,60.7491666666667,4.94291666666667,29.5045833333333,30.3045833333333,29969,
10/10/2016,0.012083333333333,8.38208333333333,15.8925,8.70291666666667,62.52875,2.2425,29.49,30.29,26312,
10/11/2016,0.206666666666667,8.22833333333333,17.7425,9.85833333333333,61.7625,6.5075,29.3645833333333,30.16,23093,
10/12/2016,0.807083333333333,8.89333333333333,15.5670833333333,13.6195833333333,86.0633333333333,11.1304166666667,29.2754166666667,30.06875,9905,
10/13/2016,0.192083333333333,9.8,9.42416666666667,4.40625,69.3991666666667,3.95041666666667,29.48875,30.28875,32558,
10/14/2016,0.0175,9.65333333333333,12.52625,7.31958333333333,71.23,5.78416666666667,29.4075,30.2045833333333,28965,
10/15/2016,0.624583333333333,7.48875,18.9745833333333,16.2516666666667,83.52375,10.6620833333333,29.2529166666667,30.0433333333333,11314,
10/16/2016,0.603333333333333,9.74333333333333,19.9091666666667,18.1175,85.89375,9.39916666666667,29.1320833333333,29.9229166666667,6014,
10/17/2016,0.190416666666667,9.96,23.6345833333333,18.2491666666667,70.21375,17.1808333333333,28.9175,29.7029166666667,26013,
10/18/2016,0.411666666666667,10,21.5979166666667,16.7029166666667,69.81875,11.9008333333333,28.9966666666667,29.7841666666667,9249,
10/19/2016,0.57625,9.48416666666667,15.5333333333333,12.0604166666667,75.9654166666667,6.58583333333333,28.975,30.0554166666667,8060,
10/20/2016,0.982916666666667,9.47083333333333,12.7004166666667,11.0829166666667,86.6654166666667,9.75,29.2979166666667,30.0925,6859,
10/21/2016,0.39625,10,7.73291666666667,3.41458333333333,70.28375,8.8875,29.0629166666667,30.15,19900,
10/22/2016,0.137916666666667,10,8.35125,3.58333333333333,69.3166666666667,6.02041666666667,29.3008333333333,30.0958333333333,28926,
10/23/2016,0.029166666666667,9.74666666666667,14.44625,9.015,65.97875,10.21625,29.23375,30.0245833333333,27937,
10/24/2016,0,9.92,10.5254166666667,5.43833333333333,68.8645833333333,7.66916666666667,29.5304166666667,30.3316666666667,25668,
10/25/2016,0.586666666666667,9.92,10.115,5.08166666666667,72.9491666666667,8.19375,29.5575,30.3575,11539,
10/26/2016,0.839166666666667,8.96333333333333,13.1595833333333,11.0070833333333,86.2241666666666,10.8691666666667,29.3054166666667,30.1004166666667,6363,
10/27/2016,0.99,9.87333333333333,9.5075,7.79791666666667,86.4566666666667,7.67541666666667,29.4158333333333,30.215,4090,
10/28/2016,0.05375,8.69208333333333,13.1908333333333,11.15125,84.4741666666667,11.1575,29.355,30.1491666666667,21889,
10/29/2016,0.075,9.995,20.67125,15.5520833333333,70.42125,13.7879166666667,29.1920833333333,29.9820833333333,20111,
10/30/2016,0.442083333333333,9.82791666666667,13.9058333333333,10.4325,71.8904166666667,10.775,27.2908333333333,30.1129166666667,16663,
10/31/2016,0.012916666666667,9.99541666666667,13.1308333333333,10.6708333333333,61.18375,8.8575,21.8,30.0429166666667,18050,
11/1/2016,0,9.42833333333333,19.7791666666667,14.8245833333333,72.0420833333333,9.71666666666667,29.1870833333333,29.9770833333333,19233,
11/2/2016,0.57125,9.4375,18.9858333333333,16.0945833333333,83.5316666666667,6.42708333333333,29.3220833333333,30.1154166666667,10862,
11/3/2016,0.548333333333333,7.52625,15.1433333333333,13.7466666666667,87.44,7.52083333333333,29.1245833333333,30.2166666666667,15279,
11/4/2016,0.011666666666667,9.50333333333333,10.4470833333333,7.05208333333333,76.7479166666667,4.43833333333333,29.3070833333333,30.4004166666667,26916,
11/5/2016,0,9.84333333333333,10.3316666666667,7.18625,76.0525,3.26666666666667,29.2766666666667,30.3691666666667,20675,
11/6/2016,0.011666666666667,9.675,11.1354166666667,7.0775,74.67375,2.6125,29.5441666666667,30.3441666666667,25116,
11/7/2016,0.118333333333333,10,11.9983333333333,7.73,73.0554166666667,2.36958333333333,29.4908333333333,30.2908333333333,21845,
11/8/2016,0.67875,8.59125,11.3795833333333,10.1104166666667,88.2775,6.54625,29.4229166666667,30.2220833333333,2516,
11/9/2016,0.076666666666667,9.92666666666667,7.14583333333333,4.51083333333333,78.975,6.45708333333333,29.5054166666667,30.3054166666667,24367,
11/10/2016,0,9.99833333333333,8.52458333333333,4.66791666666667,72.2079166666667,10.9958333333333,29.3479166666667,30.1425,25838,
11/11/2016,0.08875,10,7.82833333333333,3.83,72.0566666666667,12.435,29.4629166666667,30.2616666666667,15219,
11/12/2016,0.005833333333333,9.88,3.865,0.06625,74.0275,2.28625,29.6008333333333,30.4008333333333,25110,
11/13/2016,0,10,4.435,-0.22375,68.0208333333333,6.11708333333333,29.3870833333333,30.18375,25474,
11/14/2016,0.08375,9.94208333333333,8.91791666666667,4.93041666666667,73.0516666666667,6.78458333333333,29.16375,29.95375,20376,
11/15/2016,0.09,7.74666666666667,7.68166666666667,5.80416666666667,82.52125,5.44958333333333,29.1216666666667,29.9129166666667,22628,
11/16/2016,0.07,7.75083333333333,8.94416666666667,5.99291666666667,79.8891666666667,2.16,29.135,29.925,22240,
11/17/2016,0.005833333333333,9.77333333333333,15.0666666666667,9.65541666666667,70.5670833333333,11.86125,29.0704166666667,29.8608333333333,17284,
11/18/2016,0.61625,9.58708333333333,12.6233333333333,8.50333333333334,73.6895833333333,16.8829166666667,29.1058333333333,29.8966666666667,6834,
11/19/2016,0.668333333333333,10,1.67458333333333,-2.56083333333333,71.6791666666667,19.1345833333333,29.4308333333333,30.2283333333333,7811,
11/20/2016,0,10,-1.74708333333333,-5.53208333333333,73.12375,5.925,29.5241666666667,30.3241666666667,24367,
11/21/2016,0,10,-0.251666666666666,-4.38041666666667,72.6495833333333,2.1425,29.48875,30.28875,23094,
11/22/2016,0.385833333333333,9.65791666666667,3.99875,-0.082916666666667,74.27625,10.67875,29.4275,30.2275,15725,
11/23/2016,0.994166666666667,4.24875,6.62333333333333,6.27166666666667,94.9870833333333,10.3891666666667,29.1979166666667,29.9908333333333,1028,
11/24/2016,1,8.35416666666667,4.30375,2.84083333333333,87.36375,8.16875,29.4058333333333,30.2041666666667,1689,
11/25/2016,0.993333333333333,8.34291666666667,4.41375,2.43875,84.545,5.9575,29.5379166666667,30.3379166666667,4682,
11/26/2016,0.372916666666667,8.38083333333333,4.40208333333333,3.21708333333333,87.08875,7.56958333333333,29.5008333333333,30.3,15544,
11/27/2016,0.76375,5.17333333333333,3.86583333333333,3.14125,91.8404166666667,12.1029166666667,29.1991666666667,29.9925,4159,
11/28/2016,0.959583333333333,7.74708333333333,8.66708333333333,7.97333333333334,92.3645833333334,20.8216666666667,28.6925,29.4754166666667,770,
11/29/2016,0.107083333333333,10,9.66125,8.29083333333333,81.0954166666667,12.0516666666667,26.805,29.5566666666667,16258,
11/30/2016,0.20875,9.88,3.17625,0.920833333333333,59.5475,10.31875,21.2720833333333,29.6920833333333,13058,
12/1/2016,0.993333333333333,10,2.93291666666667,0.042916666666667,79.0629166666667,12.0908333333333,29.1545833333333,29.9445833333333,4527,
12/2/2016,1,9.91708333333333,3.3975,1.0075,81.98875,7.95416666666667,29.4245833333333,30.2225,4409,
12/3/2016,0.691666666666667,9.96,1.23125,-1.40291666666667,80.0716666666667,5.94625,29.5329166666667,30.3329166666667,8894,
12/4/2016,0.985416666666667,5.45333333333333,0.699583333333333,0.28125,94.05375,6.87666666666667,29.2295833333333,30.0241666666667,1347,
12/5/2016,0.60625,8.66916666666667,1.33041666666667,0.677083333333333,93.7495833333333,7.79916666666667,29.2016666666667,29.9916666666667,2407,
12/6/2016,0.3725,6.54833333333333,1.49041666666667,0.216666666666667,55.7854166666667,10.0895833333333,18.06,29.8654166666667,4263,
12/7/2016,0.177916666666667,9.96,-1.09,-4.70875,21.88625,10.8516666666667,8.59375,30.1604166666667,13350,
12/8/2016,0.045833333333333,9.72083333333333,-5.69458333333333,-9.01333333333334,21.9758333333333,16.8666666666667,8.63541666666666,30.3795833333333,5835,
12/9/2016,0.075416666666667,9.80958333333333,-4.63125,-8.22916666666667,22.215,8.895,8.84,30.5370833333333,7768,
12/10/2016,0.052916666666667,8.31666666666667,-3.67708333333333,-6.78291666666667,22.5329166666667,7.78291666666667,8.82375,30.45125,6329,
12/11/2016,0.06875,7.2025,0.928333333333333,-0.908333333333333,24.0216666666667,11.3625,9.11791666666667,29.9416666666667,1066,
12/12/2016,0.107083333333333,9.2825,-2.15666666666667,-4.04875,22.9120833333333,9.59166666666667,8.81541666666667,30.0716666666667,12981,
12/13/2016,0.082916666666667,8.23166666666667,-5.83291666666667,-8.82791666666667,35.9325,8.33041666666667,14.875,30.1870833333333,716,
12/14/2016,0.189166666666667,10,-9.61291666666667,-14.6033333333333,61.2429166666667,12.2316666666667,29.4545833333333,30.2541666666667,1214,
12/15/2016,0.206666666666667,10,-11.1491666666667,-17.6066666666667,56.8125,9.36416666666667,29.6275,30.4275,15970,
12/16/2016,1,7.91541666666667,-5.72,-10.1404166666667,69.5966666666667,12.4425,29.2145833333333,30.0083333333333,2762,
12/17/2016,1,5.20083333333333,-3.00375,-3.68833333333333,92.195,7.44958333333333,28.9429166666667,29.7325,1654,
12/18/2016,0.29125,9.26,-13.8704166666667,-16.3291666666667,79.26875,11.4745833333333,29.6670833333333,30.47,15359,
12/19/2016,0,9.98333333333333,-12.9791666666667,-15.7620833333333,75.0195833333333,5.28375,29.8645833333333,30.67125,16648,
12/20/2016,0,9.9875,-5.33041666666667,-8.16375,76.5133333333333,9.805,29.215,30.3054166666667,1602,
12/21/2016,0,9.98875,-0.994583333333333,-3.17458333333333,80.41125,8.2425,29.2995833333333,30.0941666666667,13895,
12/22/2016,0.302083333333333,9.78041666666667,1.78208333333333,-0.230833333333333,83.1791666666667,8.22791666666667,29.5116666666667,30.3116666666667,14016,
12/23/2016,0.743333333333333,5.44041666666667,1.12375,0.51625,92.58,9.38416666666667,29.3654166666667,30.16125,14137,
12/24/2016,0.985833333333333,4.34541666666667,3.36458333333333,2.5925,93.0708333333333,4.86458333333333,29.4075,30.2083333333333,14258,
12/25/2016,1,1.61083333333333,4.21208333333333,3.92583333333333,96.9708333333333,12.52375,29.4233333333333,30.2216666666667,14379,
12/26/2016,0.659166666666667,9.10875,8.49166666666667,6.50958333333333,83.4579166666667,13.9279166666667,28.9375,30.0183333333333,14500,
12/27/2016,0,10,0.087916666666667,-2.71375,79.03375,9.64958333333333,29.385,30.1833333333333,14622,
12/28/2016,0.292916666666667,10,1.75791666666667,-0.590416666666667,82.14125,9.0525,29.1845833333333,29.9758333333333,14774,
12/29/2016,0.48125,10,1.80208333333333,-2.09833333333333,73.8233333333333,17.9383333333333,29.1808333333333,29.9708333333333,17049,
12/30/2016,0.278333333333333,10,0.405833333333333,-4.05541666666667,65.08125,15.245,27.2141666666667,30.01375,16552,
12/31/2016,0.1575,9.98916666666667,2.29583333333333,-2.72,51.9025,12.8816666666667,23.0575,29.78875,15106,
1/1/2017,0.106666666666667,9.7675,-0.611666666666667,-3.63916666666667,79.5620833333333,5.37166666666667,29.2995833333333,30.0908333333333,19450,
1/2/2017,1,3.15333333333333,5.04791666666667,4.43333333333333,95.9545833333333,7.53,29.1775,29.9695833333333,2596,
1/3/2017,0.913333333333333,4.41916666666667,2.87375,2.44166666666667,94.8404166666667,13.7108333333333,29.0345833333333,29.8258333333333,1553,
1/4/2017,0.293333333333333,9.87041666666667,-7.6075,-11.6991666666667,70.165,16.02375,29.3,30.09125,18800,
1/5/2017,0.892916666666667,7.13958333333333,-10.95375,-13.9804166666667,76.8970833333333,8.78125,29.2895833333333,30.0833333333333,1115,
1/6/2017,0.265416666666667,9.36333333333334,-16.0629166666667,-18.7154166666667,72.7033333333333,5.20333333333333,29.5008333333333,30.30125,3318,
1/7/2017,0.302916666666667,10,-12.8920833333333,-15.4229166666667,74.4545833333333,7.49875,29.7433333333333,30.5445833333333,8325,
1/8/2017,0.273333333333333,9.99833333333333,-11.72125,-15.3608333333333,70.43875,7.5175,29.82625,30.6325,15273,
1/9/2017,0.565833333333333,10,-2.07458333333333,-5.87166666666667,72.4733333333333,15.5954166666667,29.4316666666667,30.2291666666667,8816,
1/10/2017,0.792916666666667,9.49916666666667,4.88958333333333,3.06458333333333,86.7233333333333,22.9166666666667,28.95125,29.73875,1169,
1/11/2017,0.612916666666667,5.37708333333333,5.51833333333333,4.83125,94.6758333333333,11.1454166666667,29.0283333333333,29.8183333333333,2869,
1/12/2017,0.787916666666667,7.34083333333333,-0.376666666666667,-1.49708333333333,88.4466666666667,10.7483333333333,28.4725,30.1508333333333,3069,
1/13/2017,0.33125,10,-2.75208333333333,-5.73791666666667,77.495,10.91125,29.82375,30.63,10681,
1/14/2017,0.94875,5.08541666666667,-0.60875,-1.36791666666667,92.6075,4.77125,29.6654166666667,30.46625,2549,
1/15/2017,0.75625,5.25,-0.0175,-1.13958333333333,90.9754166666667,3.41875,29.5633333333333,30.3633333333333,5795,
1/16/2017,1,1.15375,5.20041666666667,4.85625,97.845,8.2525,29.2820833333333,30.08,2799,
1/17/2017,0.999583333333333,7.98166666666667,5.75625,5.32833333333333,94.77875,14.3279166666667,29.1566666666667,29.9479166666667,2592,
1/18/2017,0.71875,7.04916666666667,2.55875,1.845,92.5816666666667,8.91833333333334,29.3379166666667,30.1333333333333,7494,
1/19/2017,0.70375,3.62625,4.33958333333333,4.0075,95.84875,8.07541666666667,29.0870833333333,29.8779166666667,3127,
1/20/2017,1,5.28791666666667,8.43125,8.29958333333333,96.88,6.40875,28.8458333333333,29.63125,3787,
1/21/2017,0.33875,7.55833333333333,11.0279166666667,9.39916666666667,88.0258333333333,7.52416666666667,28.77875,29.5591666666667,20879,
1/22/2017,0.805,4.89708333333333,6.4025,5.90833333333333,94.8358333333333,11.0379166666667,28.7970833333333,29.58,13980,
1/23/2017,0.99625,8.2975,4.07041666666667,3.18875,91.2608333333333,11.79375,28.9279166666667,29.75125,2447,
1/24/2017,0.794583333333333,8.92916666666667,3.83208333333333,2.35041666666667,86.805,6.18958333333333,28.4745833333333,29.5329166666667,3709,
1/25/2017,0.700416666666667,9.42833333333333,4.73,2.53666666666667,83.7225,15.9345833333333,28.79875,29.5804166666667,5446,
1/26/2017,0.986666666666667,8.63541666666667,0.180833333333333,-1.1175,87.13625,17.0275,28.82,29.8933333333333,3341,
1/27/2017,0.83875,9.95083333333333,-2.06916666666667,-4.20708333333333,81.0133333333333,13.3475,28.8775,29.9433333333333,2271,
1/28/2017,0.862083333333333,9.78666666666667,-0.886666666666667,-3.03958333333333,83.2283333333333,11.9195833333333,29.0391666666667,29.83,10091,
1/29/2017,0.996666666666667,9.24916666666667,-2.61083333333333,-5.73875,76.995,10.0095833333333,29.0879166666667,29.8791666666667,2373,
1/30/2017,0.09875,9.98833333333333,-2.86833333333333,-5.23375,74.0829166666667,10.2216666666667,27.1279166666667,29.8758333333333,16065,
1/31/2017,0.618333333333333,10,3.80333333333333,0.785416666666667,61.1195833333333,14.2291666666667,23.035,29.84375,11140,
2/1/2017,0.630416666666667,10,1.84625,-2.0625,73.0275,10.09125,28.74625,30.1195833333333,13716,
2/2/2017,0.023333333333333,10,-4.80791666666667,-10.8991666666667,48.58875,10.82125,23.5141666666667,30.3916666666667,24585,
2/3/2017,0.065,10,-5.40041666666667,-12.0704166666667,21.25375,7.92666666666667,8.60458333333333,30.4683333333333,25191,
2/4/2017,0.375416666666667,10,-2.87958333333333,-10.04375,51.2416666666667,11.0195833333333,26.79625,30.2341666666667,16241,
2/5/2017,0,10,1.58666666666667,-3.46291666666667,66.7775,8.04875,28.6620833333333,30.0308333333333,27558,
2/6/2017,0.64,3.8975,4.03208333333333,3.43833333333333,93.9425,7.39791666666667,29.07375,29.8629166666667,4422,
2/7/2017,0.956666666666667,6.72916666666667,10.4833333333333,9.32541666666667,88.48625,16.61,28.1925,29.5270833333333,6383,
2/8/2017,0.84875,7.04333333333333,-2.68916666666667,-4.0125,87.16625,10.6654166666667,29.145,29.9375,1896,
2/9/2017,0.208333333333333,10,-10.2583333333333,-13.8533333333333,72.6675,9.59375,29.52,30.32,1773,
2/10/2017,0.085416666666667,9.91833333333333,1.37083333333333,-1.99625,75.975,13.295,29.1558333333333,29.9479166666667,11702,
2/11/2017,0.390416666666667,8.79708333333333,10.5504166666667,8.56125,84.925,7.38833333333333,29.0525,29.8441666666667,20898,
2/12/2017,0.307083333333333,7.90375,5.09875,0.56625,74.07,16.4783333333333,29.36125,30.1566666666667,28664,
2/13/2017,0.104166666666667,10,1.99583333333333,-2.45916666666667,71.5420833333333,6.97666666666667,29.4483333333333,30.2454166666667,25261,
2/14/2017,0.03875,10,4.70041666666667,0.490833333333333,71.9666666666667,11.0341666666667,29.07625,29.86625,25617,
2/15/2017,0.011666666666667,10,0.58125,-5.01125,65.8833333333333,10.87375,29.1179166666667,29.9079166666667,31502,
2/16/2017,0.158333333333333,10,3.21666666666667,-2.62875,65.48625,8.46041666666667,29.0645833333333,29.8545833333333,21195,
2/17/2017,0,10,10.8883333333333,2.71458333333333,56.2229166666667,11.5,28.9429166666667,29.7316666666667,29973,
2/18/2017,0.065,9.3025,11.3495833333333,5.63458333333333,66.6125,10.285,28.99625,29.78625,22477,
2/19/2017,0.457083333333333,4.25833333333333,11.3245833333333,8.50875,83.7983333333333,5.41541666666667,29.2541666666667,30.0470833333333,20726,
2/20/2017,0.359583333333333,6.40458333333333,13.82,9.97375,78.73875,11.5033333333333,29.2608333333333,30.0545833333333,21287,
2/21/2017,0.74,8.97333333333333,13.6054166666667,11.9229166666667,85.5429166666667,3.03333333333333,29.145,29.9354166666667,5489,
2/22/2017,0.455416666666667,6.2725,13.9633333333333,11.9445833333333,84.09125,8.72416666666667,28.9895833333333,29.77875,21775,
2/23/2017,0.62125,8.065,11.8666666666667,9.95,86.555,8.09416666666667,28.9170833333333,29.7033333333333,9243,
2/24/2017,0.54125,9.955,12.55,9.5675,79.6920833333333,18.7695833333333,28.7533333333333,29.53625,13472,
2/25/2017,0.6225,9.15708333333333,-1.89833333333333,-5.58791666666667,73.1383333333333,17.66375,29.1341666666667,29.92375,23598,
2/26/2017,0.216666666666667,10,1.07208333333333,-6.63375,56.80625,12.3766666666667,29.29125,30.0829166666667,23588,
2/27/2017,0.48,9.99833333333333,7.74958333333333,2.185,66.745,8.35458333333333,27.2929166666667,30.105,23467,
2/28/2017,0.653333333333333,7.58875,13.9333333333333,12.8254166666667,67.6666666666667,15.6104166666667,21.41625,29.7583333333333,3416,
3/1/2017,0.8875,9.30416666666667,6.80416666666667,4.52708333333333,82.9325,21.18125,28.9858333333333,29.7733333333333,5592,
3/2/2017,0.5425,10,0.809166666666667,-3.19708333333333,73.19375,12.6641666666667,29.4895833333333,30.29,27052,
3/3/2017,0.267083333333333,10,-0.976666666666667,-6.955,63.26125,6.46541666666667,29.7541666666667,30.55625,34579,
3/4/2017,0.22,10,5.01708333333333,-2.94916666666667,57.9541666666667,13.3525,29.6120833333333,30.4125,33340,
3/5/2017,0.635416666666667,10,9.78166666666667,3.73208333333333,66.5416666666667,15.8029166666667,29.3970833333333,30.1941666666667,18516,
3/6/2017,0.999583333333333,9.03208333333333,13.6808333333333,11.8429166666667,85.6354166666667,22.8791666666667,29.1120833333333,29.9033333333333,2679,
3/7/2017,0.384583333333333,9.65083333333333,9.21291666666667,4.18958333333333,69.52875,15.98625,29.1504166666667,29.94,31333,
3/8/2017,0.06625,10,7.36208333333333,-1.405,54.1845833333333,13.345,29.3466666666667,30.14125,34840,
3/9/2017,0.252083333333333,10,6.09,-3.04625,55.2858333333333,10.88375,29.3133333333333,30.1075,28306,
3/10/2017,0.249166666666667,10,0.540833333333333,-12.2229166666667,39.22625,13.0845833333333,29.56375,30.3633333333333,34814,
3/11/2017,0.314583333333333,10,-1.93416666666667,-16.3870833333333,32.29625,7.5725,29.655,30.4554166666667,25592,
3/12/2017,0.2525,10,-0.567916666666667,-11.50375,44.0083333333333,4.00125,29.5741666666667,30.3741666666667,31249,
3/13/2017,0.931666666666667,5.1525,-1.88708333333333,-2.90583333333333,89.3383333333333,10.5766666666667,29.345,30.1416666666667,580,
3/14/2017,0.578333333333333,8.69333333333334,-5.27041666666667,-7.93625,77.7458333333333,9.02041666666667,29.4833333333333,30.2833333333333,2941,
3/15/2017,0.0525,10,-5.47208333333333,-9.98666666666667,67.5208333333333,9.13916666666667,29.5766666666667,30.3766666666667,22813,
3/16/2017,0.167083333333333,10,0.6175,-5.61625,63.1045833333333,6.79333333333333,29.48875,30.2883333333333,35771,
3/17/2017,0.675416666666667,7.7225,6.44166666666667,4.22125,83.80375,8.96625,29.2429166666667,30.03375,6146,
3/18/2017,0.91625,10,3.34333333333333,0.501666666666667,77.3308333333333,12.01625,29.4204166666667,30.2183333333333,8140,
3/19/2017,0.16375,10,6.22166666666667,0.869583333333333,69.3025,6.43583333333333,29.4716666666667,30.2708333333333,35855,
3/20/2017,0.760416666666667,8.63833333333333,11.4795833333333,7.65625,79.7645833333333,11.69375,29.2,29.99125,21654,
3/21/2017,0.37875,8.72333333333333,6.62,2.42208333333333,75.50875,10.91125,29.4066666666667,30.2045833333333,19671,
3/22/2017,0.098333333333333,10,1.34041666666667,-5.14916666666667,63.41375,13.1941666666667,29.6675,30.4691666666667,37680,
3/23/2017,0.568333333333333,10,5.17041666666667,-1.24541666666667,63.7166666666667,12.3920833333333,29.4404166666667,30.2375,12225,
3/24/2017,0.315416666666667,10,17.8183333333333,11.775,67.52,15.0854166666667,29.2095833333333,29.9995833333333,31050,
3/25/2017,0.808333333333333,9.76,16.3725,13.5845833333333,82.3054166666667,9.90916666666667,29.1366666666667,29.9270833333333,8155,
3/26/2017,0.927916666666667,9.41166666666667,13.4925,11.8020833333333,87.0241666666667,10.91,29.09125,29.8820833333333,13622,
3/27/2017,0.88625,7.01083333333333,11.6283333333333,10.3908333333333,90.1025,7.34458333333334,29.1120833333333,29.90375,12651,
3/28/2017,1,9.92,8.83,5.54458333333333,80.5420833333333,10.8525,29.29375,30.08625,25093,
3/29/2017,0.889583333333333,9.03791666666667,11.0454166666667,6.91416666666666,75.5558333333333,15.2366666666667,29.2570833333333,30.0529166666667,12814,
3/30/2017,0.860416666666667,7.88208333333333,12.7179166666667,11.7641666666667,86.7779166666667,10.51375,26.905,29.6141666666667,7017,
3/31/2017,0.615833333333333,7.13625,6.14083333333333,5.45541666666667,67.6966666666667,11.14625,21.41375,29.8295833333333,5601,
4/1/2017,0.214583333333333,9.34333333333333,8.13875,4.02,73.7625,5.95,29.2891666666667,30.1879166666667,34371,
4/2/2017,0.102083333333333,9.70833333333333,11.3904166666667,6.30708333333333,67.2920833333333,8.075,27.6445833333333,30.03625,28304,
4/3/2017,0.92125,9.43458333333333,14.0908333333333,12.01125,82.2429166666667,11.20375,28.0195833333333,29.5045833333333,8730,
4/4/2017,0.9325,8.37125,11.3633333333333,9.45708333333333,87.2008333333333,11.1891666666667,28.9683333333333,29.7566666666667,13194,
4/5/2017,0.995833333333333,8.37708333333333,8.03625,7.15,92.91375,17.4633333333333,28.8516666666667,29.6375,8828,
4/6/2017,0.73625,9.8075,7.075,3.02208333333333,70.6329166666667,17.8941666666667,27.3979166666667,29.85125,25844,
4/7/2017,0,10,6.90666666666667,-0.175416666666667,57.49125,8.88875,26.7045833333333,30.0933333333333,39197,
4/8/2017,0,10,11.84375,3.89166666666667,59.48,12.2279166666667,29.1970833333333,29.9870833333333,37237,
4/9/2017,0,10,18.3904166666667,9.73416666666667,55.5091666666667,19.9466666666667,29.01375,29.8025,27589,
4/10/2017,0.382916666666667,9.95041666666667,18.2175,13.8620833333333,73.1608333333333,14.6754166666667,29.115,29.9054166666667,11365,
4/11/2017,0.42875,9.98833333333333,10.5145833333333,6.62041666666667,74.035,7.04625,29.41625,30.215,21140,
4/12/2017,0,9.795,11.9204166666667,4.69833333333333,62.6816666666667,3.67875,29.5425,30.3429166666667,36635,
4/13/2017,0.442916666666667,10,17.5016666666667,10.4495833333333,65.5954166666667,8.38625,29.4166666666667,30.215,24473,
4/14/2017,0.50125,9.78166666666667,19.0258333333333,13.2129166666667,71.5775,8.6275,29.3433333333333,30.13875,26121,
4/15/2017,0.236666666666667,10,21.6558333333333,13.4745833333333,58.95375,14.8008333333333,29.2166666666667,30.0066666666667,33003,
4/16/2017,0.45375,9.83333333333333,16.9616666666667,13.7229166666667,77.7129166666667,10.8108333333333,29.2291666666667,30.02125,11888,
4/17/2017,0.125416666666667,10,15.66875,5.47583333333333,50.8895833333333,3.84958333333333,29.3633333333333,30.1595833333333,4010,
4/18/2017,0.16,10,17.82125,9.72166666666667,58.9866666666667,10.6091666666667,29.2991666666667,30.09125,28700,
4/19/2017,0.245416666666667,9.975,22.74125,16.48,35.3791666666667,10.6954166666667,12.91875,30.0216666666667,1277,
4/20/2017,0.365,10,19.6783333333333,13.59,48.1325,16.2391666666667,22.26375,29.9275,8515,
4/21/2017,0.184583333333333,10,10.3020833333333,3.61416666666667,62.8104166666667,11.7741666666667,29.2770833333333,30.0691666666667,22074,
4/22/2017,0,10,10.7325,1.33291666666667,53.4808333333333,15.11125,29.3116666666667,30.10625,31051,
4/23/2017,0,10,13.1391666666667,-1.29875,37.8583333333333,9.40375,29.2716666666667,30.0629166666667,39354,
4/24/2017,0,9.99833333333333,16.2608333333333,0.59875,35.7620833333333,8.5125,29.0829166666667,29.8720833333333,38564,
4/25/2017,0,10,19.7158333333333,10.4816666666667,55.0316666666667,12.5945833333333,28.86375,29.6458333333333,35268,
4/26/2017,0.62125,9.34666666666667,20.04625,14.4079166666667,70.1516666666667,14.985,28.7204166666667,29.5008333333333,23390,
4/27/2017,0.877083333333334,9.72625,9.72708333333333,7.82958333333333,84.5758333333333,13.2229166666667,28.9016666666667,29.6870833333333,11426,
4/28/2017,0.835416666666667,7.56416666666667,11.65375,10.7958333333333,91.4866666666667,9.30166666666667,29.1020833333333,29.89375,6314,
4/29/2017,0.856666666666667,5.62375,12.2904166666667,11.67125,87.8066666666667,14.8233333333333,27.08625,29.6141666666667,4487,
4/30/2017,0.6375,7.76916666666667,16.9491666666667,16.2695833333333,69.1004166666667,11.1545833333333,21.8291666666667,29.6954166666667,7081,
5/1/2017,0.902916666666667,9.79,10.7195833333333,7.53916666666667,77.2608333333333,19.5808333333333,28.7758333333333,29.5558333333333,14126,
5/2/2017,0.58375,10,9.89791666666667,5.16916666666667,71.90875,15.38,29.0804166666667,29.8708333333333,29112,
5/3/2017,0.614583333333333,9.8475,8.46166666666667,5.84625,80.1066666666667,5.89458333333333,29.3154166666667,30.1095833333333,10922,
5/4/2017,0.794583333333333,8.47708333333333,8.13458333333334,7.09791666666667,90.64875,20.1583333333333,29.0504166666667,29.84125,5180,
5/5/2017,0.12,10,10.7770833333333,5.44125,70.45125,15.3366666666667,28.9808333333333,29.7704166666667,39832,
5/6/2017,0.536666666666667,9.86875,11.3183333333333,6.5875,73.36875,8.61,29.0375,29.8279166666667,31074,
5/7/2017,0.011666666666667,10,11.0758333333333,1.67458333333333,54.0695833333333,6.06375,29.2316666666667,30.0216666666667,40086,
5/8/2017,0.38,10,12.3229166666667,5.29291666666667,61.9220833333333,6.61958333333333,29.2629166666667,30.055,26564,
5/9/2017,0.37625,9.10291666666667,17.5004166666667,13.25625,79.29,9.75041666666667,29.1033333333333,29.8945833333333,32614,
5/10/2017,0.49625,7.35375,19.84375,16.1741666666667,81.2845833333333,7.81625,29.0933333333333,29.8845833333333,28754,
5/11/2017,0.785833333333333,7.92208333333333,14.76125,12.84125,87.31,8.67,29.12875,29.9220833333333,1202,
5/12/2017,0.1025,9.95833333333333,15.8520833333333,9.13541666666667,63.96375,7.9625,29.1420833333333,29.9325,14457,
5/13/2017,0.023333333333333,10,18.85875,9.55625,54.3291666666667,6.51541666666667,29.11625,29.90625,38705,
5/14/2017,0.00625,9.975,22.0933333333333,11.6845833333333,52.025,9.89291666666667,29.1208333333333,29.9108333333333,38677,
5/15/2017,0,10,22.9958333333333,13.9241666666667,58.21875,6.75041666666667,29.1375,29.9275,37786,
5/16/2017,0.012083333333333,9.96,24.195,15.585,57.7091666666667,15.2883333333333,29.05375,29.84375,37100,
5/17/2017,0.285,9.04666666666667,24.88,16.3354166666667,58.0725,21.0895833333333,28.9520833333333,29.7404166666667,27248,
5/18/2017,0.255,9.92833333333333,25.0725,16.6620833333333,58.8470833333333,15.7133333333333,29.0566666666667,29.84625,30629,
5/19/2017,0.960833333333333,8.12333333333333,12.3125,10.9104166666667,91.1095833333333,13.5033333333333,29.2320833333333,30.0245833333333,14363,
5/20/2017,0.58,7.30291666666667,18.2579166666667,16.63,89.39,11.22125,29.1491666666667,29.9404166666667,20861,
5/21/2017,0.740416666666667,10,15.0370833333333,11.3125,76.32625,11.49625,29.2225,30.0133333333333,26170,
5/22/2017,0.354166666666667,10,16.3604166666667,10.055,66.3445833333333,7.60291666666667,29.2416666666667,30.0320833333333,38775,
5/23/2017,0.911666666666667,9.65791666666667,16.5975,13.4433333333333,79.5808333333333,5.0125,28.9733333333333,29.7604166666667,16224,
5/24/2017,0.999583333333333,6.12375,14.5495833333333,13.8504166666667,92.7275,8.97958333333333,28.75625,29.5375,8324,
5/25/2017,0.666666666666667,8.20791666666667,15.0458333333333,13.0170833333333,86.6079166666667,9.58,28.8854166666667,29.67,19978,
5/26/2017,0.466666666666667,7.9275,19.5433333333333,16.5395833333333,84.4429166666667,7.55333333333334,29.0170833333333,29.8079166666667,22488,
5/27/2017,0.57,6.83041666666667,19.4045833333333,17.6795833333333,87.8604166666667,5.36458333333333,29.0695833333333,29.8620833333333,23505,
5/28/2017,0.409583333333333,8.94291666666667,20.8625,15.72625,71.8491666666667,8.87333333333333,28.9816666666667,29.7708333333333,27236,
5/29/2017,0.21875,10,21.3695833333333,9.73291666666667,49.0670833333333,11.0195833333333,29.0975,29.8875,34442,
5/30/2017,0.312916666666667,9.96,19.76875,7.51375,45.5129166666667,10.905,27.1945833333333,29.9920833333333,35074,
5/31/2017,0.06875,10,19.4029166666667,7.33541666666667,41.7033333333333,9.02125,21.46625,30.0241666666667,40245,
6/1/2017,0,9.96,20.4345833333333,5.57958333333333,39.9295833333333,3.85333333333333,29.2808333333333,30.0720833333333,38827,
6/2/2017,0,10,22.83875,7.80416666666667,40.7566666666667,2.4725,29.2758333333333,30.0666666666667,38568,
6/3/2017,0.38875,10,26.0704166666667,14.1808333333333,48.9516666666667,3.74916666666667,29.2166666666667,30.0066666666667,34298,
6/4/2017,0.198333333333333,10,26.3204166666667,18.5954166666667,61.1016666666667,8.67041666666667,29.0670833333333,29.8570833333333,32115,
6/5/2017,0.070416666666667,9.84666666666667,24.3579166666667,14.31375,58.54875,10.5675,29.0170833333333,29.8079166666667,37906,
6/6/2017,0.011666666666667,10,19.4645833333333,7.77583333333333,48.1845833333333,13.3670833333333,29.2,29.99125,40189,
6/7/2017,0.040833333333333,10,19.4575,8.06291666666667,47.7295833333333,12.0341666666667,28.9829166666667,30.0616666666667,40181,
6/8/2017,0,10,20.9804166666667,7.97083333333333,43.5958333333333,3.33,29.1791666666667,29.9691666666667,39044,
6/9/2017,0.246666666666667,10,23.82,11.6491666666667,45.225,10.3475,29.0745833333333,29.8645833333333,34267,
6/10/2017,0,10,24.9191666666667,12.865,46.2404166666667,13.0629166666667,29.1275,29.9175,38834,
6/11/2017,0.0225,10,26.43375,15.8104166666667,50.5683333333333,12.62375,29.1941666666667,29.9841666666667,38147,
6/12/2017,0.127083333333333,10,28.1704166666667,19.3495833333333,57.6804166666667,9.13416666666667,29.1941666666667,29.9841666666667,35034,
6/13/2017,0.267083333333333,9.96,28.1775,21.4033333333333,66.5666666666667,9.16666666666667,29.1770833333333,29.9675,30293,
6/14/2017,0.28875,9.89125,26.5970833333333,21.03375,71.3808333333333,10.89125,29.12375,29.9145833333333,29842,
6/15/2017,0.1675,9.96,25.1875,19.55625,70.6958333333333,6.67333333333333,29.0841666666667,29.8745833333333,31239,
6/16/2017,0.189583333333333,10,25.2733333333333,19.3183333333333,68.1975,5.97208333333333,29.0354166666667,29.825,20976,
6/17/2017,0.380833333333333,9.91833333333333,25.68125,20.80625,72.8575,9.26083333333333,28.9079166666667,29.6945833333333,10268,
6/18/2017,0.42375,9.99833333333333,23.0458333333333,17.8133333333333,72.2629166666667,10.3125,28.95,29.7379166666667,10744,
6/19/2017,0.365833333333333,9.85333333333333,21.25875,14.1670833333333,66.6079166666667,10.6025,29.1216666666667,29.9116666666667,12760,
6/20/2017,0.263333333333333,9.98333333333333,22.0033333333333,14.6366666666667,66.66875,7.71666666666667,28.8945833333333,29.9720833333333,11647,
6/21/2017,0.1025,9.955,24.5545833333333,19.37375,73.56875,4.47833333333333,29.1475,29.9375,9427,
6/22/2017,0.685,9.10041666666667,25.1545833333333,22.1508333333333,80.2925,11.2445833333333,29.0575,29.8479166666667,8129,
6/23/2017,0.508333333333333,9.22833333333333,23.3145833333333,18.5945833333333,76.5970833333333,8.19958333333333,28.9716666666667,29.7595833333333,7070,
6/24/2017,0.18375,10,19.1095833333333,11.2933333333333,62.1783333333333,10.3420833333333,29.2520833333333,30.0433333333333,12730,
6/25/2017,0.272083333333333,9.85916666666667,18.3283333333333,9.33166666666667,56.06875,9.51333333333333,29.3479166666667,30.1445833333333,12936,
6/26/2017,0.290416666666667,9.835,16.25375,10.36,68.4304166666667,8.85958333333333,29.33875,30.1325,9928,
6/27/2017,0.02375,9.70666666666667,17.54,9.445,61.2433333333333,2.59166666666667,29.32375,30.1166666666667,13460,
6/28/2017,0.068333333333333,10,22.4029166666667,15.0208333333333,63.0266666666667,11.8929166666667,29.1808333333333,29.9708333333333,10550,
6/29/2017,0.27,9.76208333333333,26.0829166666667,19.7083333333333,63.6766666666667,11.8291666666667,27.07625,29.8633333333333,9970,
6/30/2017,0.394583333333333,9.01541666666667,24.24,21.4766666666667,62.39125,6.47875,21.3679166666667,29.8608333333333,7094,
7/1/2017,0.152083333333333,9.99333333333333,23.4891666666667,17.5016666666667,69.0983333333333,8.39208333333333,29.1866666666667,29.9766666666667,12116,
7/2/2017,0.134166666666667,10,24.0758333333333,17.4616666666667,66.1358333333333,4.97791666666667,28.9879166666667,30.0670833333333,12776,
7/3/2017,0.119166666666667,9.99375,25.8354166666667,19.0366666666667,65.0195833333333,3.42333333333333,29.2516666666667,30.0420833333333,12268,
7/4/2017,0.147916666666667,9.39166666666667,24.7620833333333,21.075,78.88875,3.32125,29.2704166666667,30.0604166666667,10848,
7/5/2017,0.0275,9.28833333333333,25.3170833333333,21.6345833333333,79.3729166666667,4.97125,29.28375,30.0754166666667,8418,
7/6/2017,0.21625,9.93041666666667,25.9045833333333,21.6408333333333,76.455,3.58541666666667,29.2041666666667,29.9945833333333,10456,
7/7/2017,0.394583333333333,9.94375,26.03875,21.4791666666667,73.1570833333333,8.9775,29.1183333333333,29.9083333333333,10177,
7/8/2017,0.147083333333333,10,22.0175,15.9520833333333,68.0079166666667,5.66708333333333,29.2391666666667,30.0295833333333,36269,
7/9/2017,0.165,10,23.94625,18.3825,71.1404166666667,4.24375,29.2345833333333,30.0245833333333,32666,
7/10/2017,0.455833333333333,9.955,25.73,21.3970833333333,74.43875,10.3766666666667,29.0770833333333,29.8675,21542,
7/11/2017,0.445833333333333,9.65375,24.7683333333333,22.7258333333333,84.9308333333333,8.06416666666667,29.1358333333333,29.9266666666667,14309,
7/12/2017,0.155,9.98375,27.18375,23.8558333333333,78.6675,8.16833333333333,29.1725,29.9633333333333,29784,
7/13/2017,0.45,9.53041666666666,25.8375,23.7033333333333,84.4904166666667,5.09541666666667,29.24375,30.0341666666667,19288,
7/14/2017,0.139166666666667,9.99666666666667,22.445,18.095,74.6695833333333,8.26375,29.3275,30.12125,38579,
7/15/2017,0.33,9.97291666666667,20.2075,17.0225,78.0425,1.12625,29.3291666666667,30.1233333333333,30399,
7/16/2017,0.3475,9.36083333333333,23.1970833333333,19.6304166666667,77.8541666666667,6.24125,29.2129166666667,30.0033333333333,31392,
7/17/2017,0.25625,10,22.7545833333333,16.8616666666667,66.3416666666667,6.54583333333333,29.23375,30.0245833333333,36389,
7/18/2017,0.000833333333333,9.99666666666667,23.8916666666667,17.8725,66.0925,2.76875,29.2875,30.0779166666667,37095,
7/19/2017,0.493333333333333,9.31791666666667,26.5595833333333,23.6520833333333,83.2729166666667,3.41833333333333,29.3079166666667,30.1004166666667,32352,
7/20/2017,0.22,9.24291666666667,27.03875,24.5470833333333,84.4608333333333,5.26708333333333,29.2179166666667,30.0095833333333,25836,
7/21/2017,0.22625,9.88458333333333,27.9258333333333,24.6741666666667,80.79125,5.03875,29.1591666666667,29.9504166666667,31601,
7/22/2017,0.470416666666667,9.74708333333333,26.20625,23.7575,86.2066666666667,5.855,29.0525,29.8433333333333,22140,
7/23/2017,0.354583333333333,9.36125,26.0675,22.46,79.7654166666667,7.61583333333333,28.76125,29.8379166666667,29748,
7/24/2017,0.354166666666667,9.60833333333333,22.0254166666667,18.6254166666667,79.2566666666667,8.10833333333334,29.2154166666667,30.0083333333333,26263,
7/25/2017,0.037916666666667,9.985,21.8379166666667,17.2816666666667,74.3,5.77375,29.3595833333333,30.1554166666667,36790,
7/26/2017,0.267916666666667,9.41333333333333,24.57375,21.8133333333333,83.6145833333333,5.08708333333333,29.255,30.0470833333333,28983,
7/27/2017,0.747083333333333,9.13041666666667,24.4858333333333,22.7225,86.1616666666667,7.03375,29.1266666666667,29.91875,14737,
7/28/2017,0.407083333333333,9.93416666666667,22.1883333333333,18.3779166666667,74.7408333333334,11.3979166666667,29.1516666666667,29.9420833333333,25950,
7/29/2017,0.074583333333333,10,19.8225,14.5408333333333,67.1266666666667,8.87333333333334,29.2970833333333,30.09125,37640,
7/30/2017,0.112916666666667,10,21.7475,15.265,61.2741666666667,4.52916666666667,27.3595833333333,30.18375,35410,
7/31/2017,0.187083333333333,10,23.32375,17.3291666666667,48.905,2.39791666666667,21.5666666666667,30.165,33291,
8/1/2017,0.206666666666667,9.91291666666667,22.7879166666667,19.1333333333333,75.7395833333333,2.23708333333333,29.2875,30.08125,21828,
8/2/2017,0.29125,7.83875,22.7729166666667,19.3870833333333,78.6883333333333,1.785,29.2491666666667,30.0408333333333,29194,
8/3/2017,0.384583333333333,9.09,23.1045833333333,20.2858333333333,81.88,6.58375,29.1658333333333,29.95625,27461,
8/4/2017,0.522916666666667,10,16.2945833333333,12.4508333333333,76.8245833333333,9.63208333333333,29.2091666666667,29.9995833333333,22924,
8/5/2017,0.082083333333333,10,18.8775,14.5125,72.34375,3.61041666666667,29.2854166666667,30.0754166666667,29110,
8/6/2017,0.915,9.93333333333333,19.4008333333333,17.34625,84.7404166666666,4.51708333333333,29.23,30.0204166666667,10605,
8/7/2017,0.53,10,20.2308333333333,16.7241666666667,76.1804166666667,5.15375,29.26,30.0508333333333,21582,
8/8/2017,0.040416666666667,10,19.4541666666667,13.1895833333333,64.7358333333333,4.165,29.38375,30.18125,36183,
8/9/2017,0.053333333333333,10,20.3158333333333,14.2408333333333,66.1841666666667,2.42708333333333,29.37875,30.1770833333333,35216,
8/10/2017,0.282916666666667,9.94583333333333,22.78125,17.7479166666667,71.0454166666667,4.81916666666667,29.2841666666667,30.0758333333333,31449,
8/11/2017,0.433333333333333,9.875,21.5620833333333,18.1233333333333,77.9566666666667,6.29166666666667,29.22375,30.01375,27643,
8/12/2017,0.211666666666667,10,19.40875,14.5845833333333,69.8491666666667,6.87416666666667,29.2725,30.0629166666667,35501,
8/13/2017,0.082083333333333,9.91333333333333,19.7375,14.385,67.5541666666667,2.73708333333333,29.2433333333333,30.0333333333333,33738,
8/14/2017,0.485,9.98416666666667,22.8645833333333,17.6633333333333,69.3845833333333,2.88666666666667,29.0966666666667,29.8866666666667,29671,
8/15/2017,0.367916666666667,9.03083333333333,24.2154166666667,20.79,77.5491666666666,3.38916666666667,29.13125,29.9216666666667,31368,
8/16/2017,0.36125,9.00708333333333,24.3458333333333,22.6004166666667,85.5629166666667,6.37333333333333,29.1575,29.9475,10910,
8/17/2017,0.479583333333333,9.91291666666667,24.1041666666667,20.8204166666667,79.20125,8.46666666666667,29.0508333333333,29.8408333333333,25669,
8/18/2017,0.165833333333333,9.90333333333333,22.9129166666667,18.1254166666667,72.6545833333333,7.30791666666667,29.1133333333333,29.9033333333333,32503,
8/19/2017,0.1625,9.93541666666667,23.0241666666667,18.5991666666667,73.06,3.01291666666667,29.1658333333333,29.9558333333333,25978,
8/20/2017,0.171666666666667,9.975,24.9620833333333,21.1379166666667,77.6320833333333,3.76625,29.2420833333333,30.0320833333333,16347,
8/21/2017,0.145416666666667,8.88458333333333,25.0808333333333,22.28375,82.5145833333333,5.86125,29.26375,30.0545833333333,19316,
8/22/2017,0.534583333333334,9.31625,21.3808333333333,18.6758333333333,82.375,8.12708333333333,29.1775,29.9683333333333,23102,
8/23/2017,0.08125,10,18.3904166666667,12.7079166666667,68.06875,6.63291666666667,29.2666666666667,30.0566666666667,33758,
8/24/2017,0.105,9.84,18.7104166666667,13.32875,68.7816666666667,6.13,29.3070833333333,30.1008333333333,32084,
8/25/2017,0,9.85333333333333,18,11.7404166666667,67.3666666666667,6.49666666666667,29.42375,30.2233333333333,32186,
8/26/2017,0.046666666666667,9.37333333333333,19.5941666666667,13.51375,68.0833333333333,5.45166666666667,29.4220833333333,30.22125,32036,
8/27/2017,0.370833333333333,9.99666666666667,20.5683333333333,15.3833333333333,71.33,3.68208333333333,29.3029166666667,30.0954166666667,29241,
8/28/2017,0.659583333333333,9.14583333333333,20.0954166666667,17.33875,83.5408333333333,4.34791666666667,29.2283333333333,30.0195833333333,24982,
8/29/2017,0.26625,9.47041666666667,20.2479166666667,17.5008333333333,80.4304166666667,3.76166666666667,29.2408333333333,30.0308333333333,28299,
8/30/2017,0.130833333333333,8.61333333333333,20.3204166666667,16.9479166666667,73.0070833333333,4.57875,27.2675,30.0741666666667,29873,
8/31/2017,0.190833333333333,9.74833333333333,19.8225,16.9095833333333,59.1104166666667,10.5575,21.5479166666667,30.08625,23294,
9/1/2017,0.039166666666667,10,16.005,11.7091666666667,72.8470833333333,12.2425,29.2979166666667,30.09125,30971,
9/2/2017,0.212916666666667,9.99833333333333,16.0475,10.22125,64.5829166666667,6.39208333333334,29.2358333333333,30.0258333333333,36736,
9/3/2017,0.114583333333333,10,20.0908333333333,14.7420833333333,67.78125,3.31458333333333,29.2254166666667,30.0154166666667,32237,
9/4/2017,0.235,9.98333333333333,22.28375,17.88375,72.87375,10.32875,29.055,29.8454166666667,24948,
9/5/2017,0.345416666666667,10,16.565,9.88208333333333,63.1729166666667,11.4233333333333,29.1525,29.9425,33975,
9/6/2017,0.401666666666667,10,12.98375,8.46416666666667,69.07125,8.28541666666666,28.37875,30.0320833333333,27330,
9/7/2017,0.140833333333333,10,14.1633333333333,8.74083333333333,66.2116666666667,6.98958333333333,28.43375,30.0895833333333,29592,
9/8/2017,0.12875,10,17.48,10.2066666666667,63.5445833333333,4.39166666666667,29.4075,30.2054166666667,33204,
9/9/2017,0.069166666666667,10,17.8091666666667,12.025,69.9104166666667,8.78625,29.5379166666666,30.3391666666667,34158,
9/10/2017,0,10,16.1958333333333,8.945,64.2266666666667,6.70125,29.5608333333333,30.3616666666667,35197,
9/11/2017,0,10,16.32125,10.51375,66.0783333333333,7.45,29.3925,30.19,29472,
9/12/2017,0.215833333333333,10,19.1666666666667,12.4504166666667,65.86375,10.4679166666667,29.10875,29.89875,23176,
9/13/2017,0.98875,9.18875,18.62625,16.7554166666667,86.7229166666667,3.61375,28.9804166666667,29.7716666666667,9515,
9/14/2017,0.443333333333333,8.31625,20.14875,16.7645833333333,79.65125,2.32666666666667,29.1208333333333,29.9120833333333,25236,
9/15/2017,0.088333333333333,9.125,22.33,16.6804166666667,71.4941666666667,5.1675,29.2316666666667,30.0225,30593,
9/16/2017,0.133333333333333,9.24,23.42875,17.2754166666667,68.6870833333333,4.11125,29.2870833333333,30.0783333333333,26555,
9/17/2017,0.52125,9.45333333333333,23.1604166666667,18.6416666666667,74.3270833333333,4.84625,29.2879166666666,30.0795833333333,23697,
9/18/2017,0.677083333333333,8.99625,23.4416666666667,19.5720833333333,79.5395833333333,5.13083333333333,29.2329166666667,30.0233333333333,21443,
9/19/2017,0.51,9.53875,21.6479166666667,19.5983333333333,86.4841666666667,1.03125,29.1433333333333,29.9345833333333,16174,
9/20/2017,0.042916666666667,8.72833333333333,25.4741666666667,20.4733333333333,75.7141666666667,6.475,29.1416666666667,29.9316666666667,27582,
9/21/2017,0.072916666666667,9.07833333333333,26.6575,21.7075,73.7579166666667,3.60083333333333,29.2329166666667,30.0229166666667,24996,
9/22/2017,0.1975,9.91166666666667,25.9841666666667,20.1020833333333,69.6354166666667,2.83708333333333,29.2733333333333,30.0645833333333,22893,
9/23/2017,0.0975,9.52666666666667,25.9145833333333,19.76125,68.6,2.17375,29.2779166666667,30.0683333333333,28183,
9/24/2017,0.042916666666667,9.905,24.785,17.09375,62.0875,3.07791666666667,29.2591666666667,30.0508333333333,29165,
9/25/2017,0.1275,9.96,24.715,16.48,59.975,2.28666666666667,29.195,29.985,24911,
9/26/2017,0.145,10,25.2504166666667,17.7366666666667,63.7816666666667,5.06875,29.18375,29.97375,26371,
9/27/2017,0.139583333333333,10,19.4929166666667,12.94625,65.85,9.74291666666667,29.3016666666667,30.0941666666667,21979,
9/28/2017,0.092916666666667,9.96,15.3833333333333,9.59083333333333,65.9958333333333,4.77541666666667,29.375,30.1733333333333,32424,
9/29/2017,0.018333333333333,9.99666666666667,16.2570833333333,8.04208333333333,58.56625,7.20666666666667,27.3866666666667,30.21625,31786,
9/30/2017,0,10,14.0291666666667,6.11541666666667,49.8904166666666,5.98416666666667,21.68125,30.3454166666667,32979,
10/1/2017,0.08125,10,15.9491666666667,6.52083333333333,56.3258333333333,7.77791666666667,29.3829166666667,30.1795833333333,29982,
10/2/2017,0.375,10,21.77,11.5404166666667,55.0666666666667,8.82666666666667,29.3804166666667,30.17875,23899,
10/3/2017,0.724166666666667,9.94208333333333,21.2720833333333,18.3375,82.4304166666666,9.90416666666667,29.5066666666666,30.3066666666667,10099,
10/4/2017,0.92,9.85916666666667,21.5320833333333,19.7091666666667,86.5670833333333,6.08333333333333,29.4929166666667,30.2933333333333,7416,
10/5/2017,0.893333333333333,8.0425,19.56125,18.5883333333333,90.17625,4.45125,29.3508333333333,30.1483333333333,7536,
10/6/2017,0.945833333333333,8.09958333333333,20.76,19.4429166666667,92.6141666666667,6.07541666666667,29.1708333333333,29.9616666666667,5239,
10/7/2017,0.394166666666667,9.7,20.8958333333333,16.35875,77.64375,15.0775,28.9220833333333,29.7095833333333,19562,
10/8/2017,0.425,8.66291666666667,18.6041666666667,13.1754166666667,74.32125,5.33625,29.00375,29.7945833333333,27449,
10/9/2017,0.362083333333333,8.14083333333333,20.6866666666667,16.2175,79.4304166666667,2.37333333333333,29.1333333333333,29.9241666666667,23026,
10/10/2017,0.937916666666667,7.19458333333333,20.5579166666667,18.0216666666667,86.8954166666667,7.935,29.2179166666667,30.01125,11687,
10/11/2017,1,4.38291666666667,15.0254166666667,14.6083333333333,97.6491666666667,9.02333333333333,29.25375,30.0479166666667,3423,
10/12/2017,0.734583333333333,5.66166666666667,14.74125,13.9683333333333,95.3058333333333,2.73958333333333,29.3479166666667,30.1429166666667,7357,
10/13/2017,0.34625,8.42541666666667,17.31125,13.1929166666667,79.01875,6.48625,29.3354166666667,30.13125,27741,
10/14/2017,0.41,10,22.9770833333333,17.155,71.27125,11.0566666666667,29.1758333333333,29.9658333333333,21437,
10/15/2017,0.94375,9.60166666666667,14.3658333333333,10.2229166666667,76.6625,15.0491666666667,29.2854166666667,30.0804166666667,9210,
10/16/2017,0.005833333333333,10,11.07625,4.82916666666667,68.9908333333333,6.35625,29.5029166666667,30.3029166666667,30306,
10/17/2017,0.005833333333333,10,12.91,5.375,63.655,8.98166666666667,29.4466666666667,30.2466666666667,30038,
10/18/2017,0,10,13.76625,6.94041666666666,67.4520833333333,8.70833333333333,29.36125,30.1579166666667,29589,
10/19/2017,0,9.78666666666667,16.62875,10.9995833333333,72.1270833333333,2.5825,29.3641666666667,30.1604166666667,27093,
10/20/2017,0,9.92,17.2841666666667,10.2766666666667,67.6845833333333,6.43166666666667,29.35875,30.1545833333333,25673,
10/21/2017,0.167083333333333,10,18.7279166666667,13.0620833333333,70.6158333333333,10.4225,29.2879166666667,30.08,14594,
10/22/2017,0.855,8.28875,16.745,14.1775,85.5804166666667,14.2258333333333,29.1908333333333,29.9820833333333,5244,
10/23/2017,0.917916666666667,8.92416666666667,11.9029166666667,10.9891666666667,93.82,11.4091666666667,28.9825,29.7716666666667,3190,
10/24/2017,0.89125,9.44708333333333,7.36125,5.28333333333333,86.94125,12.6454166666667,28.9779166666667,29.7654166666667,5427,
10/25/2017,0.226666666666667,10,5.87333333333333,2.89291666666667,82.33125,5.555,29.0379166666667,29.8279166666667,13737,
10/26/2017,0.011666666666667,10,10.58875,5.315,72.7429166666667,9.60625,28.9666666666667,29.7566666666667,27465,
10/27/2017,0.893333333333333,10,5.79333333333333,0.04125,67.3645833333333,13.6229166666667,29.0804166666667,29.8704166666667,15797,
10/28/2017,0.992916666666667,9.6675,3.43125,-0.111666666666667,77.86625,9.67125,29.1458333333333,29.9370833333333,6400,
10/29/2017,0.576666666666667,10,4.95583333333333,-0.89625,67.57625,5.53333333333333,29.0720833333333,29.8620833333333,8537,
